{"stats":{"minecraft:crafted":{"minecraft:leather_leggings":2,"minecraft:leather_boots":2,"minecraft:leather_chestplate":2,"minecraft:leather_helmet":2},"minecraft:custom":{"minecraft:time_since_rest":24326,"minecraft:sprint_one_cm":79491,"minecraft:walk_one_cm":357966,"minecraft:interact_with_anvil":2,"minecraft:damage_dealt":10,"minecraft:interact_with_crafting_table":3,"minecraft:fly_one_cm":1172613,"minecraft:open_chest":1,"minecraft:fill_cauldron":2,"minecraft:crouch_one_cm":363,"minecraft:play_time":237748,"minecraft:deaths":3,"minecraft:sneak_time":753,"minecraft:walk_under_water_one_cm":2612,"minecraft:jump":811,"minecraft:leave_game":5,"minecraft:time_since_death":24212,"minecraft:walk_on_water_one_cm":1372,"minecraft:total_world_time":237748,"minecraft:climb_one_cm":524},"minecraft:used":{"minecraft:dark_oak_planks":691,"minecraft:water_bucket":4,"minecraft:dark_oak_stairs":169,"minecraft:chiseled_bookshelf":2,"minecraft:flower_pot":2,"minecraft:black_wool":8,"minecraft:flint_and_steel":71,"minecraft:wither_skeleton_skull":2,"minecraft:snow_block":146,"minecraft:command_block":10,"minecraft:acacia_trapdoor":15,"minecraft:lantern":39,"minecraft:armor_stand":10,"minecraft:oak_stairs":5,"minecraft:barrier":138,"minecraft:dark_oak_sign":1,"minecraft:oak_button":4,"minecraft:birch_hanging_sign":2,"minecraft:oak_sign":4,"minecraft:decorated_pot":1,"minecraft:spruce_planks":35,"minecraft:dark_oak_slab":93,"minecraft:cauldron":1,"minecraft:stone_bricks":46,"minecraft:spruce_leaves":58,"minecraft:white_wool":6,"minecraft:dark_oak_trapdoor":19,"minecraft:dirt":5,"minecraft:anvil":2,"minecraft:snow":1,"minecraft:oak_slab":37,"minecraft:crafting_table":2,"minecraft:red_bed":5,"minecraft:furnace":4,"minecraft:dark_oak_fence":50,"minecraft:white_stained_glass":119,"minecraft:ice":1,"minecraft:polished_blackstone_button":2,"minecraft:dark_oak_fence_gate":3,"minecraft:painting":8,"minecraft:acacia_button":8,"minecraft:warped_button":6,"minecraft:acacia_planks":1,"minecraft:spruce_fence":12,"minecraft:orange_stained_glass_pane":68,"minecraft:cake":3,"minecraft:spruce_log":620,"minecraft:book":8,"minecraft:dark_oak_door":3},"minecraft:picked_up":{"minecraft:warped_button":3,"minecraft:lantern":1,"minecraft:polished_blackstone_button":1,"minecraft:oak_button":4}},"DataVersion":3700}