{"stats":{"minecraft:custom":{"minecraft:time_since_rest":235,"minecraft:sprint_one_cm":102515,"minecraft:walk_one_cm":256454,"minecraft:damage_dealt":0,"minecraft:fly_one_cm":285295,"minecraft:crouch_one_cm":6818,"minecraft:play_time":220553,"minecraft:deaths":9,"minecraft:sneak_time":2464,"minecraft:walk_under_water_one_cm":2734,"minecraft:jump":455,"minecraft:leave_game":12,"minecraft:walk_on_water_one_cm":218,"minecraft:time_since_death":210,"minecraft:total_world_time":220553,"minecraft:inspect_dispenser":3},"minecraft:used":{"minecraft:redstone_torch":4,"minecraft:oak_fence":1,"minecraft:dark_oak_stairs":2,"minecraft:dark_oak_planks":38,"minecraft:chiseled_bookshelf":3,"minecraft:packed_ice":7,"minecraft:snow_block":1,"minecraft:command_block":45,"minecraft:lantern":1,"minecraft:grass_block":35,"minecraft:barrier":218,"minecraft:dispenser":3,"minecraft:redstone":143,"minecraft:oak_button":3,"minecraft:stone_button":15,"minecraft:oak_sign":5,"minecraft:spruce_planks":796,"minecraft:dark_oak_slab":5,"minecraft:oak_pressure_plate":2,"minecraft:spruce_sapling":5,"minecraft:stone_bricks":3,"minecraft:green_carpet":53,"minecraft:repeater":115,"minecraft:glowstone":51,"minecraft:red_carpet":68,"minecraft:dirt":83,"minecraft:oak_slab":7,"minecraft:dark_oak_pressure_plate":10,"minecraft:ice":3,"minecraft:stone_pressure_plate":2,"minecraft:spruce_log":37,"minecraft:bone_meal":25,"minecraft:dark_oak_door":1},"minecraft:picked_up":{"minecraft:book":4,"minecraft:spruce_sapling":1,"minecraft:stone_button":5,"minecraft:redstone":2,"minecraft:green_carpet":1,"minecraft:dirt":1,"minecraft:lantern":1,"minecraft:oak_sign":5,"minecraft:red_carpet":2,"minecraft:command_block":1,"minecraft:spruce_planks":1,"minecraft:bone_meal":1,"minecraft:glowstone":1,"minecraft:dark_oak_door":1}},"DataVersion":3700}